"Public ID","Aperçu"
"portfolio/file-convertis/3d-projet/brand-3d-bureau-ems/img-5702","https://res.cloudinary.com/yvskaorq/image/upload/v1784636892/portfolio/file-convertis/3d-projet/brand-3d-bureau-ems/img-5702.jpg"
"portfolio/file-convertis/3d-projet/brand-3d-bureau-ems/img-5703","https://res.cloudinary.com/yvskaorq/image/upload/v1784636893/portfolio/file-convertis/3d-projet/brand-3d-bureau-ems/img-5703.jpg"
"portfolio/file-convertis/3d-projet/brand-3d-bureau-ems/img-5704","https://res.cloudinary.com/yvskaorq/image/upload/v1784636893/portfolio/file-convertis/3d-projet/brand-3d-bureau-ems/img-5704.jpg"
"portfolio/file-convertis/3d-projet/brand-3d-bureau-ems/img-5705","https://res.cloudinary.com/yvskaorq/image/upload/v1784636893/portfolio/file-convertis/3d-projet/brand-3d-bureau-ems/img-5705.jpg"
"portfolio/file-convertis/3d-projet/brand-3d-bureau-ems/img-5706","https://res.cloudinary.com/yvskaorq/image/upload/v1784636894/portfolio/file-convertis/3d-projet/brand-3d-bureau-ems/img-5706.jpg"
"portfolio/file-convertis/3d-projet/brand-3d-bureau-ems/img-5707","https://res.cloudinary.com/yvskaorq/image/upload/v1784636894/portfolio/file-convertis/3d-projet/brand-3d-bureau-ems/img-5707.jpg"
"portfolio/file-convertis/3d-projet/brand-3d-bureau-ems/img-5708","https://res.cloudinary.com/yvskaorq/image/upload/v1784636895/portfolio/file-convertis/3d-projet/brand-3d-bureau-ems/img-5708.jpg"
"portfolio/file-convertis/3d-projet/brand-3d-bureau-ems/img-5709","https://res.cloudinary.com/yvskaorq/image/upload/v1784636895/portfolio/file-convertis/3d-projet/brand-3d-bureau-ems/img-5709.jpg"
"portfolio/file-convertis/3d-projet/brand-3d-bureau-ems/img-5710","https://res.cloudinary.com/yvskaorq/image/upload/v1784636896/portfolio/file-convertis/3d-projet/brand-3d-bureau-ems/img-5710.jpg"
"portfolio/file-convertis/3d-projet/brand-3d-bureau-ems/img-5711","https://res.cloudinary.com/yvskaorq/image/upload/v1784636897/portfolio/file-convertis/3d-projet/brand-3d-bureau-ems/img-5711.jpg"
"portfolio/file-convertis/3d-projet/brand-3d-bureau-ems/img-5721","https://res.cloudinary.com/yvskaorq/image/upload/v1784636897/portfolio/file-convertis/3d-projet/brand-3d-bureau-ems/img-5721.jpg"
"portfolio/file-convertis/3d-projet/brand-stand-assinie-3d/whatsapp-image-2025-08-15-at-10-27-30","https://res.cloudinary.com/yvskaorq/image/upload/v1784636897/portfolio/file-convertis/3d-projet/brand-stand-assinie-3d/whatsapp-image-2025-08-15-at-10-27-30.jpg"
"portfolio/file-convertis/3d-projet/brand-stand-assinie-3d/whatsapp-image-2025-08-15-at-10-27-31","https://res.cloudinary.com/yvskaorq/image/upload/v1784636898/portfolio/file-convertis/3d-projet/brand-stand-assinie-3d/whatsapp-image-2025-08-15-at-10-27-31.jpg"
"portfolio/file-convertis/3d-projet/conception-danice-3d/photo-2025-05-15-19-59-04","https://res.cloudinary.com/yvskaorq/image/upload/v1784636898/portfolio/file-convertis/3d-projet/conception-danice-3d/photo-2025-05-15-19-59-04.jpg"
"portfolio/file-convertis/3d-projet/conception-danice-3d/photo-2025-05-20-10-50-19","https://res.cloudinary.com/yvskaorq/image/upload/v1784636898/portfolio/file-convertis/3d-projet/conception-danice-3d/photo-2025-05-20-10-50-19.jpg"
"portfolio/file-convertis/3d-projet/conception-danice-3d/photo-2025-05-20-21-48-54","https://res.cloudinary.com/yvskaorq/image/upload/v1784636898/portfolio/file-convertis/3d-projet/conception-danice-3d/photo-2025-05-20-21-48-54.jpg"
"portfolio/file-convertis/3d-projet/conception-danice-3d/photo-2025-05-20-21-50-26","https://res.cloudinary.com/yvskaorq/image/upload/v1784636900/portfolio/file-convertis/3d-projet/conception-danice-3d/photo-2025-05-20-21-50-26.jpg"
"portfolio/file-convertis/3d-projet/conception-danice-3d/photo-2025-05-20-21-50-26-2","https://res.cloudinary.com/yvskaorq/image/upload/v1784636900/portfolio/file-convertis/3d-projet/conception-danice-3d/photo-2025-05-20-21-50-26-2.jpg"
"portfolio/file-convertis/3d-projet/conception-danice-3d/photo-2025-05-20-21-50-27","https://res.cloudinary.com/yvskaorq/image/upload/v1784636900/portfolio/file-convertis/3d-projet/conception-danice-3d/photo-2025-05-20-21-50-27.jpg"
"portfolio/file-convertis/3d-projet/conception-danice-3d/photo-2025-05-20-22-33-15","https://res.cloudinary.com/yvskaorq/image/upload/v1784636900/portfolio/file-convertis/3d-projet/conception-danice-3d/photo-2025-05-20-22-33-15.jpg"
"portfolio/file-convertis/3d-projet/conception-danice-3d/texture-image/capture-decran-2026-02-24-a-17-00-11","https://res.cloudinary.com/yvskaorq/image/upload/v1784636901/portfolio/file-convertis/3d-projet/conception-danice-3d/texture-image/capture-decran-2026-02-24-a-17-00-11.jpg"
"portfolio/file-convertis/3d-projet/conception-danice-3d/texture-image/capture-decran-2026-02-24-a-17-00-27","https://res.cloudinary.com/yvskaorq/image/upload/v1784636902/portfolio/file-convertis/3d-projet/conception-danice-3d/texture-image/capture-decran-2026-02-24-a-17-00-27.jpg"
"portfolio/file-convertis/3d-projet/conception-danice-3d/texture-image/capture-decran-2026-02-24-a-17-00-47","https://res.cloudinary.com/yvskaorq/image/upload/v1784636901/portfolio/file-convertis/3d-projet/conception-danice-3d/texture-image/capture-decran-2026-02-24-a-17-00-47.jpg"
"portfolio/file-convertis/3d-projet/conception-danice-3d/texture-image/capture-decran-2026-02-24-a-17-01-40","https://res.cloudinary.com/yvskaorq/image/upload/v1784636901/portfolio/file-convertis/3d-projet/conception-danice-3d/texture-image/capture-decran-2026-02-24-a-17-01-40.jpg"
"portfolio/file-convertis/3d-projet/conception-danice-3d/texture-image/capture-decran-2026-02-24-a-17-01-50","https://res.cloudinary.com/yvskaorq/image/upload/v1784636902/portfolio/file-convertis/3d-projet/conception-danice-3d/texture-image/capture-decran-2026-02-24-a-17-01-50.jpg"
"portfolio/file-convertis/3d-projet/conception-danice-3d/texture-image/capture-decran-2026-02-24-a-17-02-05","https://res.cloudinary.com/yvskaorq/image/upload/v1784636902/portfolio/file-convertis/3d-projet/conception-danice-3d/texture-image/capture-decran-2026-02-24-a-17-02-05.jpg"
"portfolio/file-convertis/3d-projet/conception-danice-3d/untitled","https://res.cloudinary.com/yvskaorq/image/upload/v1784636903/portfolio/file-convertis/3d-projet/conception-danice-3d/untitled.jpg"
"portfolio/file-convertis/3d-projet/diamila-2-0-page-01","https://res.cloudinary.com/yvskaorq/image/upload/v1784636903/portfolio/file-convertis/3d-projet/diamila-2-0-page-01.jpg"
"portfolio/file-convertis/3d-projet/diamila-2-0-page-02","https://res.cloudinary.com/yvskaorq/image/upload/v1784636905/portfolio/file-convertis/3d-projet/diamila-2-0-page-02.jpg"
"portfolio/file-convertis/3d-projet/diamila-2-0-page-03","https://res.cloudinary.com/yvskaorq/image/upload/v1784636905/portfolio/file-convertis/3d-projet/diamila-2-0-page-03.jpg"
"portfolio/file-convertis/3d-projet/diamila-2-0-page-04","https://res.cloudinary.com/yvskaorq/image/upload/v1784636905/portfolio/file-convertis/3d-projet/diamila-2-0-page-04.jpg"
"portfolio/file-convertis/3d-projet/diamila-2-0-page-05","https://res.cloudinary.com/yvskaorq/image/upload/v1784636905/portfolio/file-convertis/3d-projet/diamila-2-0-page-05.jpg"
"portfolio/file-convertis/3d-projet/diamila-2-0-page-06","https://res.cloudinary.com/yvskaorq/image/upload/v1784636907/portfolio/file-convertis/3d-projet/diamila-2-0-page-06.jpg"
"portfolio/file-convertis/3d-projet/diamila-2-0-page-07","https://res.cloudinary.com/yvskaorq/image/upload/v1784636907/portfolio/file-convertis/3d-projet/diamila-2-0-page-07.jpg"
"portfolio/file-convertis/3d-projet/diamila-2-0-page-08","https://res.cloudinary.com/yvskaorq/image/upload/v1784636907/portfolio/file-convertis/3d-projet/diamila-2-0-page-08.jpg"
"portfolio/file-convertis/3d-projet/diamila-2-0-page-09","https://res.cloudinary.com/yvskaorq/image/upload/v1784636908/portfolio/file-convertis/3d-projet/diamila-2-0-page-09.jpg"
"portfolio/file-convertis/3d-projet/diamila-2-0-page-10","https://res.cloudinary.com/yvskaorq/image/upload/v1784636909/portfolio/file-convertis/3d-projet/diamila-2-0-page-10.jpg"
"portfolio/file-convertis/3d-projet/diamila-2-0-page-11","https://res.cloudinary.com/yvskaorq/image/upload/v1784636909/portfolio/file-convertis/3d-projet/diamila-2-0-page-11.jpg"
"portfolio/file-convertis/3d-projet/diamila-2-0-page-12","https://res.cloudinary.com/yvskaorq/image/upload/v1784636909/portfolio/file-convertis/3d-projet/diamila-2-0-page-12.jpg"
"portfolio/file-convertis/3d-projet/diamila-2-0-page-13","https://res.cloudinary.com/yvskaorq/image/upload/v1784636910/portfolio/file-convertis/3d-projet/diamila-2-0-page-13.jpg"
"portfolio/file-convertis/3d-projet/diamila-2-0-page-14","https://res.cloudinary.com/yvskaorq/image/upload/v1784636910/portfolio/file-convertis/3d-projet/diamila-2-0-page-14.jpg"
"portfolio/file-convertis/3d-projet/diamila-2-0-page-15","https://res.cloudinary.com/yvskaorq/image/upload/v1784636910/portfolio/file-convertis/3d-projet/diamila-2-0-page-15.jpg"
"portfolio/file-convertis/3d-projet/djamila-branding/devanture1","https://res.cloudinary.com/yvskaorq/image/upload/v1784636911/portfolio/file-convertis/3d-projet/djamila-branding/devanture1.jpg"
"portfolio/file-convertis/3d-projet/djamila-branding/devanture2","https://res.cloudinary.com/yvskaorq/image/upload/v1784636912/portfolio/file-convertis/3d-projet/djamila-branding/devanture2.jpg"
"portfolio/file-convertis/3d-projet/djamila-branding/devanture4","https://res.cloudinary.com/yvskaorq/image/upload/v1784636912/portfolio/file-convertis/3d-projet/djamila-branding/devanture4.jpg"
"portfolio/file-convertis/3d-projet/djamila-branding/devanture6","https://res.cloudinary.com/yvskaorq/image/upload/v1784636913/portfolio/file-convertis/3d-projet/djamila-branding/devanture6.jpg"
"portfolio/file-convertis/3d-projet/djamila-branding/devanture7","https://res.cloudinary.com/yvskaorq/image/upload/v1784636913/portfolio/file-convertis/3d-projet/djamila-branding/devanture7.jpg"
"portfolio/file-convertis/3d-projet/djamila-branding/devanture8","https://res.cloudinary.com/yvskaorq/image/upload/v1784636914/portfolio/file-convertis/3d-projet/djamila-branding/devanture8.jpg"
"portfolio/file-convertis/3d-projet/djamila-branding/devanture9","https://res.cloudinary.com/yvskaorq/image/upload/v1784636914/portfolio/file-convertis/3d-projet/djamila-branding/devanture9.jpg"
"portfolio/file-convertis/3d-projet/djamila-branding/exterieur","https://res.cloudinary.com/yvskaorq/image/upload/v1784636915/portfolio/file-convertis/3d-projet/djamila-branding/exterieur.jpg"
"portfolio/file-convertis/3d-projet/djamila-branding/exterieur3","https://res.cloudinary.com/yvskaorq/image/upload/v1784636915/portfolio/file-convertis/3d-projet/djamila-branding/exterieur3.jpg"
"portfolio/file-convertis/3d-projet/djamila-branding/interrieur","https://res.cloudinary.com/yvskaorq/image/upload/v1784636916/portfolio/file-convertis/3d-projet/djamila-branding/interrieur.jpg"
"portfolio/file-convertis/3d-projet/djamila-branding/interrieur2","https://res.cloudinary.com/yvskaorq/image/upload/v1784636916/portfolio/file-convertis/3d-projet/djamila-branding/interrieur2.jpg"
"portfolio/file-convertis/3d-projet/djamila-branding/interrieur3","https://res.cloudinary.com/yvskaorq/image/upload/v1784636918/portfolio/file-convertis/3d-projet/djamila-branding/interrieur3.jpg"
"portfolio/file-convertis/3d-projet/djamila-branding/interrieur4","https://res.cloudinary.com/yvskaorq/image/upload/v1784636917/portfolio/file-convertis/3d-projet/djamila-branding/interrieur4.jpg"
"portfolio/file-convertis/3d-projet/djamila-branding/interrieur5","https://res.cloudinary.com/yvskaorq/image/upload/v1784636918/portfolio/file-convertis/3d-projet/djamila-branding/interrieur5.jpg"
"portfolio/file-convertis/3d-projet/djamila-branding/interrieur6","https://res.cloudinary.com/yvskaorq/image/upload/v1784636919/portfolio/file-convertis/3d-projet/djamila-branding/interrieur6.jpg"
"portfolio/file-convertis/3d-projet/djamila-branding/interrieur7","https://res.cloudinary.com/yvskaorq/image/upload/v1784636920/portfolio/file-convertis/3d-projet/djamila-branding/interrieur7.jpg"
"portfolio/file-convertis/3d-projet/djamila-branding/totem","https://res.cloudinary.com/yvskaorq/image/upload/v1784636920/portfolio/file-convertis/3d-projet/djamila-branding/totem.jpg"
"portfolio/file-convertis/3d-projet/istanbul-projet-3d-projet/01","https://res.cloudinary.com/yvskaorq/image/upload/v1784636921/portfolio/file-convertis/3d-projet/istanbul-projet-3d-projet/01.jpg"
"portfolio/file-convertis/3d-projet/istanbul-projet-3d-projet/01-copie","https://res.cloudinary.com/yvskaorq/image/upload/v1784636921/portfolio/file-convertis/3d-projet/istanbul-projet-3d-projet/01-copie.jpg"
"portfolio/file-convertis/3d-projet/istanbul-projet-3d-projet/02","https://res.cloudinary.com/yvskaorq/image/upload/v1784636922/portfolio/file-convertis/3d-projet/istanbul-projet-3d-projet/02.jpg"
"portfolio/file-convertis/3d-projet/istanbul-projet-3d-projet/02-copie","https://res.cloudinary.com/yvskaorq/image/upload/v1784636922/portfolio/file-convertis/3d-projet/istanbul-projet-3d-projet/02-copie.jpg"
"portfolio/file-convertis/3d-projet/istanbul-projet-3d-projet/03","https://res.cloudinary.com/yvskaorq/image/upload/v1784636922/portfolio/file-convertis/3d-projet/istanbul-projet-3d-projet/03.jpg"
"portfolio/file-convertis/3d-projet/istanbul-projet-3d-projet/04","https://res.cloudinary.com/yvskaorq/image/upload/v1784636924/portfolio/file-convertis/3d-projet/istanbul-projet-3d-projet/04.jpg"
"portfolio/file-convertis/3d-projet/istanbul-projet-3d-projet/04-copie","https://res.cloudinary.com/yvskaorq/image/upload/v1784636923/portfolio/file-convertis/3d-projet/istanbul-projet-3d-projet/04-copie.jpg"
"portfolio/file-convertis/3d-projet/istanbul-projet-3d-projet/05","https://res.cloudinary.com/yvskaorq/image/upload/v1784636924/portfolio/file-convertis/3d-projet/istanbul-projet-3d-projet/05.jpg"
"portfolio/file-convertis/3d-projet/istanbul-projet-3d-projet/06","https://res.cloudinary.com/yvskaorq/image/upload/v1784636924/portfolio/file-convertis/3d-projet/istanbul-projet-3d-projet/06.jpg"
"portfolio/file-convertis/3d-projet/istanbul-projet-3d-projet/07","https://res.cloudinary.com/yvskaorq/image/upload/v1784636926/portfolio/file-convertis/3d-projet/istanbul-projet-3d-projet/07.jpg"
"portfolio/file-convertis/3d-projet/istanbul-projet-3d-projet/07-copie","https://res.cloudinary.com/yvskaorq/image/upload/v1784636925/portfolio/file-convertis/3d-projet/istanbul-projet-3d-projet/07-copie.jpg"
"portfolio/file-convertis/3d-projet/lancement-de-produit-avant-apres/avant-apres/globla-presentation","https://res.cloudinary.com/yvskaorq/image/upload/v1784636926/portfolio/file-convertis/3d-projet/lancement-de-produit-avant-apres/avant-apres/globla-presentation.jpg"
"portfolio/file-convertis/3d-projet/lancement-de-produit-avant-apres/avant-apres/stand","https://res.cloudinary.com/yvskaorq/image/upload/v1784636926/portfolio/file-convertis/3d-projet/lancement-de-produit-avant-apres/avant-apres/stand.jpg"
"portfolio/file-convertis/3d-projet/lancement-de-produit-avant-apres/avant-apres/work-png","https://res.cloudinary.com/yvskaorq/image/upload/v1784636927/portfolio/file-convertis/3d-projet/lancement-de-produit-avant-apres/avant-apres/work-png.jpg"
"portfolio/file-convertis/3d-projet/stand-bah-autobile-3d-bah-auto/photo-2023-05-29-10-20-40","https://res.cloudinary.com/yvskaorq/image/upload/v1784636928/portfolio/file-convertis/3d-projet/stand-bah-autobile-3d-bah-auto/photo-2023-05-29-10-20-40.jpg"
"portfolio/file-convertis/3d-projet/stand-bah-autobile-3d-bah-auto/photo-2023-05-29-10-20-40-2","https://res.cloudinary.com/yvskaorq/image/upload/v1784636927/portfolio/file-convertis/3d-projet/stand-bah-autobile-3d-bah-auto/photo-2023-05-29-10-20-40-2.jpg"
"portfolio/file-convertis/3d-projet/stand-bah-autobile-3d-bah-auto/photo-2023-05-29-10-20-40-3","https://res.cloudinary.com/yvskaorq/image/upload/v1784636928/portfolio/file-convertis/3d-projet/stand-bah-autobile-3d-bah-auto/photo-2023-05-29-10-20-40-3.jpg"
"portfolio/file-convertis/3d-projet/stand-bah-autobile-3d-bah-auto/photo-2023-05-29-10-20-41","https://res.cloudinary.com/yvskaorq/image/upload/v1784636929/portfolio/file-convertis/3d-projet/stand-bah-autobile-3d-bah-auto/photo-2023-05-29-10-20-41.jpg"
"portfolio/file-convertis/3d-projet/stand-bah-autobile-3d-bah-auto/photo-2023-05-29-10-20-41-2","https://res.cloudinary.com/yvskaorq/image/upload/v1784636929/portfolio/file-convertis/3d-projet/stand-bah-autobile-3d-bah-auto/photo-2023-05-29-10-20-41-2.jpg"
"portfolio/file-convertis/boisson-tiger-x/afficher","https://res.cloudinary.com/yvskaorq/image/upload/v1784636930/portfolio/file-convertis/boisson-tiger-x/afficher.jpg"
"portfolio/file-convertis/boisson-tiger-x/can-1","https://res.cloudinary.com/yvskaorq/image/upload/v1784636930/portfolio/file-convertis/boisson-tiger-x/can-1.jpg"
"portfolio/file-convertis/boisson-tiger-x/carton-1","https://res.cloudinary.com/yvskaorq/image/upload/v1784636931/portfolio/file-convertis/boisson-tiger-x/carton-1.jpg"
"portfolio/file-convertis/boisson-tiger-x/carton-2","https://res.cloudinary.com/yvskaorq/image/upload/v1784636931/portfolio/file-convertis/boisson-tiger-x/carton-2.jpg"
"portfolio/file-convertis/conception-vs-3d/3-1","https://res.cloudinary.com/yvskaorq/image/upload/v1784636932/portfolio/file-convertis/conception-vs-3d/3-1.jpg"
"portfolio/file-convertis/conception-vs-3d/image-3d-sonikara/1","https://res.cloudinary.com/yvskaorq/image/upload/v1784636932/portfolio/file-convertis/conception-vs-3d/image-3d-sonikara/1.jpg"
"portfolio/file-convertis/conception-vs-3d/image-3d-sonikara/2","https://res.cloudinary.com/yvskaorq/image/upload/v1784636933/portfolio/file-convertis/conception-vs-3d/image-3d-sonikara/2.jpg"
"portfolio/file-convertis/conception-vs-3d/image-3d-sonikara/3","https://res.cloudinary.com/yvskaorq/image/upload/v1784636933/portfolio/file-convertis/conception-vs-3d/image-3d-sonikara/3.jpg"
"portfolio/file-convertis/conception-vs-3d/image-3d-sonikara/4","https://res.cloudinary.com/yvskaorq/image/upload/v1784636933/portfolio/file-convertis/conception-vs-3d/image-3d-sonikara/4.jpg"
"portfolio/file-convertis/conception-vs-3d/image-3d-sonikara/5","https://res.cloudinary.com/yvskaorq/image/upload/v1784636934/portfolio/file-convertis/conception-vs-3d/image-3d-sonikara/5.jpg"
"portfolio/file-convertis/conception-vs-3d/image-3d-sonikara/6","https://res.cloudinary.com/yvskaorq/image/upload/v1784636934/portfolio/file-convertis/conception-vs-3d/image-3d-sonikara/6.jpg"
"portfolio/file-convertis/conception-vs-3d/image-3d-sonikara/whatsapp-image-2025-08-05-at-15-22-07","https://res.cloudinary.com/yvskaorq/image/upload/v1784636935/portfolio/file-convertis/conception-vs-3d/image-3d-sonikara/whatsapp-image-2025-08-05-at-15-22-07.jpg"
"portfolio/file-convertis/conception-vs-3d/image-3d-sonikara/whatsapp-image-2025-08-05-at-15-23-49","https://res.cloudinary.com/yvskaorq/image/upload/v1784636935/portfolio/file-convertis/conception-vs-3d/image-3d-sonikara/whatsapp-image-2025-08-05-at-15-23-49.jpg"
"portfolio/file-convertis/conception-vs-3d/panneau-avec-fond","https://res.cloudinary.com/yvskaorq/image/upload/v1784636935/portfolio/file-convertis/conception-vs-3d/panneau-avec-fond.jpg"
"portfolio/file-convertis/document-projet/brand-guideline-yacoco-page-01","https://res.cloudinary.com/yvskaorq/image/upload/v1784636936/portfolio/file-convertis/document-projet/brand-guideline-yacoco-page-01.jpg"
"portfolio/file-convertis/document-projet/brand-guideline-yacoco-page-02","https://res.cloudinary.com/yvskaorq/image/upload/v1784636937/portfolio/file-convertis/document-projet/brand-guideline-yacoco-page-02.jpg"
"portfolio/file-convertis/document-projet/brand-guideline-yacoco-page-03","https://res.cloudinary.com/yvskaorq/image/upload/v1784636937/portfolio/file-convertis/document-projet/brand-guideline-yacoco-page-03.jpg"
"portfolio/file-convertis/document-projet/brand-guideline-yacoco-page-04","https://res.cloudinary.com/yvskaorq/image/upload/v1784636937/portfolio/file-convertis/document-projet/brand-guideline-yacoco-page-04.jpg"
"portfolio/file-convertis/document-projet/brand-guideline-yacoco-page-05","https://res.cloudinary.com/yvskaorq/image/upload/v1784636938/portfolio/file-convertis/document-projet/brand-guideline-yacoco-page-05.jpg"
"portfolio/file-convertis/document-projet/brand-guideline-yacoco-page-06","https://res.cloudinary.com/yvskaorq/image/upload/v1784636939/portfolio/file-convertis/document-projet/brand-guideline-yacoco-page-06.jpg"
"portfolio/file-convertis/document-projet/brand-guideline-yacoco-page-07","https://res.cloudinary.com/yvskaorq/image/upload/v1784636940/portfolio/file-convertis/document-projet/brand-guideline-yacoco-page-07.jpg"
"portfolio/file-convertis/document-projet/brand-guideline-yacoco-page-08","https://res.cloudinary.com/yvskaorq/image/upload/v1784636939/portfolio/file-convertis/document-projet/brand-guideline-yacoco-page-08.jpg"
"portfolio/file-convertis/document-projet/brand-guideline-yacoco-page-09","https://res.cloudinary.com/yvskaorq/image/upload/v1784636940/portfolio/file-convertis/document-projet/brand-guideline-yacoco-page-09.jpg"
"portfolio/file-convertis/document-projet/brand-guideline-yacoco-page-10","https://res.cloudinary.com/yvskaorq/image/upload/v1784636941/portfolio/file-convertis/document-projet/brand-guideline-yacoco-page-10.jpg"
"portfolio/file-convertis/document-projet/brand-guideline-yacoco-page-11","https://res.cloudinary.com/yvskaorq/image/upload/v1784636942/portfolio/file-convertis/document-projet/brand-guideline-yacoco-page-11.jpg"
"portfolio/file-convertis/document-projet/brand-guideline-yacoco-page-12","https://res.cloudinary.com/yvskaorq/image/upload/v1784636941/portfolio/file-convertis/document-projet/brand-guideline-yacoco-page-12.jpg"
"portfolio/file-convertis/document-projet/brand-guideline-yacoco-page-13","https://res.cloudinary.com/yvskaorq/image/upload/v1784636942/portfolio/file-convertis/document-projet/brand-guideline-yacoco-page-13.jpg"
"portfolio/file-convertis/document-projet/brand-guideline-yacoco-page-14","https://res.cloudinary.com/yvskaorq/image/upload/v1784636942/portfolio/file-convertis/document-projet/brand-guideline-yacoco-page-14.jpg"
"portfolio/file-convertis/document-projet/brand-guideline-yacoco-page-15","https://res.cloudinary.com/yvskaorq/image/upload/v1784636943/portfolio/file-convertis/document-projet/brand-guideline-yacoco-page-15.jpg"
"portfolio/file-convertis/document-projet/brand-guideline-yacoco-page-16","https://res.cloudinary.com/yvskaorq/image/upload/v1784636944/portfolio/file-convertis/document-projet/brand-guideline-yacoco-page-16.jpg"
"portfolio/file-convertis/document-projet/brand-guideline-yacoco-page-17","https://res.cloudinary.com/yvskaorq/image/upload/v1784636944/portfolio/file-convertis/document-projet/brand-guideline-yacoco-page-17.jpg"
"portfolio/file-convertis/document-projet/brand-guideline-yacoco-page-18","https://res.cloudinary.com/yvskaorq/image/upload/v1784636944/portfolio/file-convertis/document-projet/brand-guideline-yacoco-page-18.jpg"
"portfolio/file-convertis/document-projet/brand-guideline-yacoco-page-19","https://res.cloudinary.com/yvskaorq/image/upload/v1784636945/portfolio/file-convertis/document-projet/brand-guideline-yacoco-page-19.jpg"
"portfolio/file-convertis/document-projet/brand-guideline-yacoco-page-20","https://res.cloudinary.com/yvskaorq/image/upload/v1784636945/portfolio/file-convertis/document-projet/brand-guideline-yacoco-page-20.jpg"
"portfolio/file-convertis/document-projet/brand-guideline-yacoco-page-21","https://res.cloudinary.com/yvskaorq/image/upload/v1784636946/portfolio/file-convertis/document-projet/brand-guideline-yacoco-page-21.jpg"
"portfolio/file-convertis/document-projet/brand-guideline-yacoco-page-22","https://res.cloudinary.com/yvskaorq/image/upload/v1784636946/portfolio/file-convertis/document-projet/brand-guideline-yacoco-page-22.jpg"
"portfolio/file-convertis/document-projet/brand-guideline-yacoco-page-23","https://res.cloudinary.com/yvskaorq/image/upload/v1784636946/portfolio/file-convertis/document-projet/brand-guideline-yacoco-page-23.jpg"
"portfolio/file-convertis/document-projet/brand-guideline-yacoco-page-24","https://res.cloudinary.com/yvskaorq/image/upload/v1784636947/portfolio/file-convertis/document-projet/brand-guideline-yacoco-page-24.jpg"
"portfolio/file-convertis/document-projet/brand-guideline-yacoco-page-25","https://res.cloudinary.com/yvskaorq/image/upload/v1784636947/portfolio/file-convertis/document-projet/brand-guideline-yacoco-page-25.jpg"
"portfolio/file-convertis/document-projet/brand-guideline-yacoco-page-26","https://res.cloudinary.com/yvskaorq/image/upload/v1784636948/portfolio/file-convertis/document-projet/brand-guideline-yacoco-page-26.jpg"
"portfolio/file-convertis/document-projet/brand-guideline-yacoco-page-27","https://res.cloudinary.com/yvskaorq/image/upload/v1784636948/portfolio/file-convertis/document-projet/brand-guideline-yacoco-page-27.jpg"
"portfolio/file-convertis/document-projet/brand-guideline-yacoco-page-28","https://res.cloudinary.com/yvskaorq/image/upload/v1784636948/portfolio/file-convertis/document-projet/brand-guideline-yacoco-page-28.jpg"
"portfolio/file-convertis/document-projet/brand-guideline-yacoco-page-29","https://res.cloudinary.com/yvskaorq/image/upload/v1784636950/portfolio/file-convertis/document-projet/brand-guideline-yacoco-page-29.jpg"
"portfolio/file-convertis/document-projet/brand-guideline-yacoco-page-30","https://res.cloudinary.com/yvskaorq/image/upload/v1784636950/portfolio/file-convertis/document-projet/brand-guideline-yacoco-page-30.jpg"
"portfolio/file-convertis/document-projet/brand-guideline-yacoco-page-31","https://res.cloudinary.com/yvskaorq/image/upload/v1784636950/portfolio/file-convertis/document-projet/brand-guideline-yacoco-page-31.jpg"
"portfolio/file-convertis/document-projet/brand-guideline-yacoco-page-32","https://res.cloudinary.com/yvskaorq/image/upload/v1784636950/portfolio/file-convertis/document-projet/brand-guideline-yacoco-page-32.jpg"
"portfolio/file-convertis/document-projet/brand-guideline-yacoco-page-33","https://res.cloudinary.com/yvskaorq/image/upload/v1784636951/portfolio/file-convertis/document-projet/brand-guideline-yacoco-page-33.jpg"
"portfolio/file-convertis/document-projet/brochure-assinie-page-01","https://res.cloudinary.com/yvskaorq/image/upload/v1784636952/portfolio/file-convertis/document-projet/brochure-assinie-page-01.jpg"
"portfolio/file-convertis/document-projet/brochure-assinie-page-02","https://res.cloudinary.com/yvskaorq/image/upload/v1784636952/portfolio/file-convertis/document-projet/brochure-assinie-page-02.jpg"
"portfolio/file-convertis/document-projet/brochure-assinie-page-03","https://res.cloudinary.com/yvskaorq/image/upload/v1784636952/portfolio/file-convertis/document-projet/brochure-assinie-page-03.jpg"
"portfolio/file-convertis/document-projet/brochure-assinie-page-04","https://res.cloudinary.com/yvskaorq/image/upload/v1784636953/portfolio/file-convertis/document-projet/brochure-assinie-page-04.jpg"
"portfolio/file-convertis/document-projet/brochure-assinie-page-05","https://res.cloudinary.com/yvskaorq/image/upload/v1784636954/portfolio/file-convertis/document-projet/brochure-assinie-page-05.jpg"
"portfolio/file-convertis/document-projet/brochure-assinie-page-06","https://res.cloudinary.com/yvskaorq/image/upload/v1784636954/portfolio/file-convertis/document-projet/brochure-assinie-page-06.jpg"
"portfolio/file-convertis/document-projet/brochure-assinie-page-07","https://res.cloudinary.com/yvskaorq/image/upload/v1784636954/portfolio/file-convertis/document-projet/brochure-assinie-page-07.jpg"
"portfolio/file-convertis/document-projet/brochure-assinie-page-08","https://res.cloudinary.com/yvskaorq/image/upload/v1784636955/portfolio/file-convertis/document-projet/brochure-assinie-page-08.jpg"
"portfolio/file-convertis/document-projet/brochure-assinie-page-09","https://res.cloudinary.com/yvskaorq/image/upload/v1784636956/portfolio/file-convertis/document-projet/brochure-assinie-page-09.jpg"
"portfolio/file-convertis/document-projet/brochure-assinie-page-10","https://res.cloudinary.com/yvskaorq/image/upload/v1784636955/portfolio/file-convertis/document-projet/brochure-assinie-page-10.jpg"
"portfolio/file-convertis/document-projet/brochure-assinie-page-11","https://res.cloudinary.com/yvskaorq/image/upload/v1784636956/portfolio/file-convertis/document-projet/brochure-assinie-page-11.jpg"
"portfolio/file-convertis/document-projet/brochure-assinie-page-12","https://res.cloudinary.com/yvskaorq/image/upload/v1784636957/portfolio/file-convertis/document-projet/brochure-assinie-page-12.jpg"
"portfolio/file-convertis/document-projet/brochure-assinie-page-13","https://res.cloudinary.com/yvskaorq/image/upload/v1784636958/portfolio/file-convertis/document-projet/brochure-assinie-page-13.jpg"
"portfolio/file-convertis/document-projet/brochure-assinie-page-14","https://res.cloudinary.com/yvskaorq/image/upload/v1784636957/portfolio/file-convertis/document-projet/brochure-assinie-page-14.jpg"
"portfolio/file-convertis/document-projet/brochure-assinie-page-15","https://res.cloudinary.com/yvskaorq/image/upload/v1784636958/portfolio/file-convertis/document-projet/brochure-assinie-page-15.jpg"
"portfolio/file-convertis/document-projet/brochure-assinie-page-16","https://res.cloudinary.com/yvskaorq/image/upload/v1784636959/portfolio/file-convertis/document-projet/brochure-assinie-page-16.jpg"
"portfolio/file-convertis/document-projet/brochure-assinie-page-17","https://res.cloudinary.com/yvskaorq/image/upload/v1784636959/portfolio/file-convertis/document-projet/brochure-assinie-page-17.jpg"
"portfolio/file-convertis/document-projet/brochure-assinie-page-18","https://res.cloudinary.com/yvskaorq/image/upload/v1784636960/portfolio/file-convertis/document-projet/brochure-assinie-page-18.jpg"
"portfolio/file-convertis/document-projet/brochure-assinie-page-19","https://res.cloudinary.com/yvskaorq/image/upload/v1784636960/portfolio/file-convertis/document-projet/brochure-assinie-page-19.jpg"
"portfolio/file-convertis/document-projet/brochure-assinie-page-20","https://res.cloudinary.com/yvskaorq/image/upload/v1784636961/portfolio/file-convertis/document-projet/brochure-assinie-page-20.jpg"
"portfolio/file-convertis/document-projet/brochure-assinie-page-21","https://res.cloudinary.com/yvskaorq/image/upload/v1784636961/portfolio/file-convertis/document-projet/brochure-assinie-page-21.jpg"
"portfolio/file-convertis/document-projet/brochure-assinie-page-22","https://res.cloudinary.com/yvskaorq/image/upload/v1784636963/portfolio/file-convertis/document-projet/brochure-assinie-page-22.jpg"
"portfolio/file-convertis/document-projet/brochure-assinie-page-23","https://res.cloudinary.com/yvskaorq/image/upload/v1784636962/portfolio/file-convertis/document-projet/brochure-assinie-page-23.jpg"
"portfolio/file-convertis/document-projet/brochure-assinie-page-24","https://res.cloudinary.com/yvskaorq/image/upload/v1784636963/portfolio/file-convertis/document-projet/brochure-assinie-page-24.jpg"
"portfolio/file-convertis/document-projet/brochure-assinie-page-25","https://res.cloudinary.com/yvskaorq/image/upload/v1784636963/portfolio/file-convertis/document-projet/brochure-assinie-page-25.jpg"
"portfolio/file-convertis/document-projet/brochure-assinie-page-26","https://res.cloudinary.com/yvskaorq/image/upload/v1784636964/portfolio/file-convertis/document-projet/brochure-assinie-page-26.jpg"
"portfolio/file-convertis/document-projet/brochure-assinie-page-27","https://res.cloudinary.com/yvskaorq/image/upload/v1784636965/portfolio/file-convertis/document-projet/brochure-assinie-page-27.jpg"
"portfolio/file-convertis/document-projet/brochure-assinie-page-28","https://res.cloudinary.com/yvskaorq/image/upload/v1784636964/portfolio/file-convertis/document-projet/brochure-assinie-page-28.jpg"
"portfolio/file-convertis/document-projet/brochureindd-page-01","https://res.cloudinary.com/yvskaorq/image/upload/v1784636965/portfolio/file-convertis/document-projet/brochureindd-page-01.jpg"
"portfolio/file-convertis/document-projet/brochureindd-page-02","https://res.cloudinary.com/yvskaorq/image/upload/v1784636966/portfolio/file-convertis/document-projet/brochureindd-page-02.jpg"
"portfolio/file-convertis/document-projet/brochureindd-page-03","https://res.cloudinary.com/yvskaorq/image/upload/v1784636966/portfolio/file-convertis/document-projet/brochureindd-page-03.jpg"
"portfolio/file-convertis/document-projet/brochureindd-page-04","https://res.cloudinary.com/yvskaorq/image/upload/v1784636968/portfolio/file-convertis/document-projet/brochureindd-page-04.jpg"
"portfolio/file-convertis/document-projet/brochureindd-page-05","https://res.cloudinary.com/yvskaorq/image/upload/v1784636967/portfolio/file-convertis/document-projet/brochureindd-page-05.jpg"
"portfolio/file-convertis/document-projet/brochureindd-page-06","https://res.cloudinary.com/yvskaorq/image/upload/v1784636968/portfolio/file-convertis/document-projet/brochureindd-page-06.jpg"
"portfolio/file-convertis/document-projet/brochureindd-page-07","https://res.cloudinary.com/yvskaorq/image/upload/v1784636969/portfolio/file-convertis/document-projet/brochureindd-page-07.jpg"
"portfolio/file-convertis/document-projet/brochureindd-page-08","https://res.cloudinary.com/yvskaorq/image/upload/v1784636969/portfolio/file-convertis/document-projet/brochureindd-page-08.jpg"
"portfolio/file-convertis/document-projet/brochureindd-page-09","https://res.cloudinary.com/yvskaorq/image/upload/v1784636970/portfolio/file-convertis/document-projet/brochureindd-page-09.jpg"
"portfolio/file-convertis/document-projet/brochureindd-page-10","https://res.cloudinary.com/yvskaorq/image/upload/v1784636970/portfolio/file-convertis/document-projet/brochureindd-page-10.jpg"
"portfolio/file-convertis/document-projet/brochureindd-page-11","https://res.cloudinary.com/yvskaorq/image/upload/v1784636971/portfolio/file-convertis/document-projet/brochureindd-page-11.jpg"
"portfolio/file-convertis/document-projet/brochureindd-page-12","https://res.cloudinary.com/yvskaorq/image/upload/v1784636970/portfolio/file-convertis/document-projet/brochureindd-page-12.jpg"
"portfolio/file-convertis/document-projet/projet-brainstorming-ya-page-01","https://res.cloudinary.com/yvskaorq/image/upload/v1784636971/portfolio/file-convertis/document-projet/projet-brainstorming-ya-page-01.jpg"
"portfolio/file-convertis/document-projet/projet-brainstorming-ya-page-02","https://res.cloudinary.com/yvskaorq/image/upload/v1784636972/portfolio/file-convertis/document-projet/projet-brainstorming-ya-page-02.jpg"
"portfolio/file-convertis/document-projet/projet-brainstorming-ya-page-03","https://res.cloudinary.com/yvskaorq/image/upload/v1784636972/portfolio/file-convertis/document-projet/projet-brainstorming-ya-page-03.jpg"
"portfolio/file-convertis/document-projet/projet-brainstorming-ya-page-04","https://res.cloudinary.com/yvskaorq/image/upload/v1784636975/portfolio/file-convertis/document-projet/projet-brainstorming-ya-page-04.jpg"
"portfolio/file-convertis/document-projet/projet-brainstorming-ya-page-05","https://res.cloudinary.com/yvskaorq/image/upload/v1784636974/portfolio/file-convertis/document-projet/projet-brainstorming-ya-page-05.jpg"
"portfolio/file-convertis/document-projet/projet-brainstorming-ya-page-06","https://res.cloudinary.com/yvskaorq/image/upload/v1784636974/portfolio/file-convertis/document-projet/projet-brainstorming-ya-page-06.jpg"
"portfolio/file-convertis/document-projet/projet-brainstorming-ya-page-07","https://res.cloudinary.com/yvskaorq/image/upload/v1784636974/portfolio/file-convertis/document-projet/projet-brainstorming-ya-page-07.jpg"
"portfolio/file-convertis/document-projet/projet-brainstorming-ya-page-08","https://res.cloudinary.com/yvskaorq/image/upload/v1784636976/portfolio/file-convertis/document-projet/projet-brainstorming-ya-page-08.jpg"
"portfolio/file-convertis/document-projet/projet-brainstorming-ya-page-09","https://res.cloudinary.com/yvskaorq/image/upload/v1784636976/portfolio/file-convertis/document-projet/projet-brainstorming-ya-page-09.jpg"
"portfolio/file-convertis/document-projet/projet-brainstorming-ya-page-10","https://res.cloudinary.com/yvskaorq/image/upload/v1784636977/portfolio/file-convertis/document-projet/projet-brainstorming-ya-page-10.jpg"
"portfolio/file-convertis/document-projet/projet-brainstorming-ya-page-11","https://res.cloudinary.com/yvskaorq/image/upload/v1784636976/portfolio/file-convertis/document-projet/projet-brainstorming-ya-page-11.jpg"
"portfolio/file-convertis/document-projet/projet-brainstorming-ya-page-12","https://res.cloudinary.com/yvskaorq/image/upload/v1784636977/portfolio/file-convertis/document-projet/projet-brainstorming-ya-page-12.jpg"
"portfolio/file-convertis/document-projet/projet-brainstorming-ya-page-13","https://res.cloudinary.com/yvskaorq/image/upload/v1784636978/portfolio/file-convertis/document-projet/projet-brainstorming-ya-page-13.jpg"
"portfolio/file-convertis/document-projet/projet-brainstorming-ya-page-14","https://res.cloudinary.com/yvskaorq/image/upload/v1784636978/portfolio/file-convertis/document-projet/projet-brainstorming-ya-page-14.jpg"
"portfolio/file-convertis/hero/panneau-avec-fond","https://res.cloudinary.com/yvskaorq/image/upload/v1784636979/portfolio/file-convertis/hero/panneau-avec-fond.jpg"
"portfolio/file-convertis/hero/photo-2022-09-12-16-13-33","https://res.cloudinary.com/yvskaorq/image/upload/v1784636979/portfolio/file-convertis/hero/photo-2022-09-12-16-13-33.jpg"
"portfolio/file-convertis/hero/photo-2023-12-12-10-09-29-2","https://res.cloudinary.com/yvskaorq/image/upload/v1784636980/portfolio/file-convertis/hero/photo-2023-12-12-10-09-29-2.jpg"
"portfolio/file-convertis/hero/photo-2023-12-28-12-59-45-2","https://res.cloudinary.com/yvskaorq/image/upload/v1784636980/portfolio/file-convertis/hero/photo-2023-12-28-12-59-45-2.jpg"
"portfolio/file-convertis/hero/photo-2025-03-15-18-42-01-3","https://res.cloudinary.com/yvskaorq/image/upload/v1784636981/portfolio/file-convertis/hero/photo-2025-03-15-18-42-01-3.jpg"
"portfolio/file-convertis/lancement-d-une-marque/notre-eau/01","https://res.cloudinary.com/yvskaorq/image/upload/v1784636981/portfolio/file-convertis/lancement-d-une-marque/notre-eau/01.jpg"
"portfolio/file-convertis/lancement-d-une-marque/notre-eau/02","https://res.cloudinary.com/yvskaorq/image/upload/v1784636981/portfolio/file-convertis/lancement-d-une-marque/notre-eau/02.jpg"
"portfolio/file-convertis/lancement-d-une-marque/notre-eau/03","https://res.cloudinary.com/yvskaorq/image/upload/v1784636981/portfolio/file-convertis/lancement-d-une-marque/notre-eau/03.jpg"
"portfolio/file-convertis/lancement-d-une-marque/notre-eau/04","https://res.cloudinary.com/yvskaorq/image/upload/v1784636984/portfolio/file-convertis/lancement-d-une-marque/notre-eau/04.jpg"
"portfolio/file-convertis/lancement-d-une-marque/notre-eau/05","https://res.cloudinary.com/yvskaorq/image/upload/v1784636983/portfolio/file-convertis/lancement-d-une-marque/notre-eau/05.jpg"
"portfolio/file-convertis/lancement-d-une-marque/notre-eau/06","https://res.cloudinary.com/yvskaorq/image/upload/v1784636984/portfolio/file-convertis/lancement-d-une-marque/notre-eau/06.jpg"
"portfolio/file-convertis/lancement-d-une-marque/notre-eau/07","https://res.cloudinary.com/yvskaorq/image/upload/v1784636984/portfolio/file-convertis/lancement-d-une-marque/notre-eau/07.jpg"
"portfolio/file-convertis/lancement-d-une-marque/notre-eau/08","https://res.cloudinary.com/yvskaorq/image/upload/v1784636985/portfolio/file-convertis/lancement-d-une-marque/notre-eau/08.jpg"
"portfolio/file-convertis/lancement-d-une-marque/notre-eau/09","https://res.cloudinary.com/yvskaorq/image/upload/v1784636985/portfolio/file-convertis/lancement-d-une-marque/notre-eau/09.jpg"
"portfolio/file-convertis/lancement-d-une-marque/notre-eau/10","https://res.cloudinary.com/yvskaorq/image/upload/v1784636985/portfolio/file-convertis/lancement-d-une-marque/notre-eau/10.jpg"
"portfolio/file-convertis/lancement-d-une-marque/notre-eau/10png","https://res.cloudinary.com/yvskaorq/image/upload/v1784636986/portfolio/file-convertis/lancement-d-une-marque/notre-eau/10png.jpg"
"portfolio/file-convertis/lancement-d-une-marque/notre-eau/11","https://res.cloudinary.com/yvskaorq/image/upload/v1784636987/portfolio/file-convertis/lancement-d-une-marque/notre-eau/11.jpg"
"portfolio/file-convertis/lancement-d-une-marque/notre-eau/12","https://res.cloudinary.com/yvskaorq/image/upload/v1784636988/portfolio/file-convertis/lancement-d-une-marque/notre-eau/12.jpg"
"portfolio/file-convertis/lancement-d-une-marque/notre-eau/12-copie","https://res.cloudinary.com/yvskaorq/image/upload/v1784636988/portfolio/file-convertis/lancement-d-une-marque/notre-eau/12-copie.jpg"
"portfolio/file-convertis/lancement-d-une-marque/notre-eau/bidon-la-menagere/bottlepng","https://res.cloudinary.com/yvskaorq/image/upload/v1784636993/portfolio/file-convertis/lancement-d-une-marque/notre-eau/bidon-la-menagere/bottlepng.jpg"
"portfolio/file-convertis/lancement-d-une-marque/notre-eau/bidon-la-menagere/capture-decran-2023-07-10-a-23-53-25","https://res.cloudinary.com/yvskaorq/image/upload/v1784636990/portfolio/file-convertis/lancement-d-une-marque/notre-eau/bidon-la-menagere/capture-decran-2023-07-10-a-23-53-25.jpg"
"portfolio/file-convertis/lancement-d-une-marque/notre-eau/bidon-la-menagere/capture-decran-2023-07-11-a-00-37-28","https://res.cloudinary.com/yvskaorq/image/upload/v1784636990/portfolio/file-convertis/lancement-d-une-marque/notre-eau/bidon-la-menagere/capture-decran-2023-07-11-a-00-37-28.jpg"
"portfolio/file-convertis/lancement-d-une-marque/notre-eau/bidon-la-menagere/capture-decran-2023-07-11-a-00-47-12","https://res.cloudinary.com/yvskaorq/image/upload/v1784636991/portfolio/file-convertis/lancement-d-une-marque/notre-eau/bidon-la-menagere/capture-decran-2023-07-11-a-00-47-12.jpg"
"portfolio/file-convertis/quelques-affiches/brand-externe-la-rose/01","https://res.cloudinary.com/yvskaorq/image/upload/v1784636991/portfolio/file-convertis/quelques-affiches/brand-externe-la-rose/01.jpg"
"portfolio/file-convertis/quelques-affiches/brand-externe-la-rose/02","https://res.cloudinary.com/yvskaorq/image/upload/v1784636992/portfolio/file-convertis/quelques-affiches/brand-externe-la-rose/02.jpg"
"portfolio/file-convertis/quelques-affiches/brand-externe-la-rose/03","https://res.cloudinary.com/yvskaorq/image/upload/v1784636993/portfolio/file-convertis/quelques-affiches/brand-externe-la-rose/03.jpg"
"portfolio/file-convertis/quelques-affiches/brand-externe-la-rose/capture-decran-2026-02-24-a-16-07-14","https://res.cloudinary.com/yvskaorq/image/upload/v1784636993/portfolio/file-convertis/quelques-affiches/brand-externe-la-rose/capture-decran-2026-02-24-a-16-07-14.jpg"
"portfolio/file-convertis/quelques-affiches/brand-externe-la-rose/whatsapp-image-2025-06-19-at-15-34-22","https://res.cloudinary.com/yvskaorq/image/upload/v1784636994/portfolio/file-convertis/quelques-affiches/brand-externe-la-rose/whatsapp-image-2025-06-19-at-15-34-22.jpg"
"portfolio/file-convertis/quelques-affiches/brand-externe-la-rose/whatsapp-image-2025-06-19-at-15-34-23","https://res.cloudinary.com/yvskaorq/image/upload/v1784636995/portfolio/file-convertis/quelques-affiches/brand-externe-la-rose/whatsapp-image-2025-06-19-at-15-34-23.jpg"
"portfolio/file-convertis/quelques-affiches/fly","https://res.cloudinary.com/yvskaorq/image/upload/v1784636995/portfolio/file-convertis/quelques-affiches/fly.jpg"
"portfolio/file-convertis/quelques-affiches/flyers-copie","https://res.cloudinary.com/yvskaorq/image/upload/v1784636998/portfolio/file-convertis/quelques-affiches/flyers-copie.jpg"
"portfolio/file-convertis/quelques-affiches/flyers-copie-2-page-01","https://res.cloudinary.com/yvskaorq/image/upload/v1784636996/portfolio/file-convertis/quelques-affiches/flyers-copie-2-page-01.jpg"
"portfolio/file-convertis/quelques-affiches/flyers-copie-page-01","https://res.cloudinary.com/yvskaorq/image/upload/v1784636997/portfolio/file-convertis/quelques-affiches/flyers-copie-page-01.jpg"
"portfolio/file-convertis/quelques-affiches/flyers-oumra-page-01","https://res.cloudinary.com/yvskaorq/image/upload/v1784636998/portfolio/file-convertis/quelques-affiches/flyers-oumra-page-01.jpg"
"portfolio/file-convertis/quelques-affiches/flyers-psd","https://res.cloudinary.com/yvskaorq/image/upload/v1784636999/portfolio/file-convertis/quelques-affiches/flyers-psd.jpg"
"portfolio/file-convertis/quelques-affiches/flyres-copie-2","https://res.cloudinary.com/yvskaorq/image/upload/v1784636999/portfolio/file-convertis/quelques-affiches/flyres-copie-2.jpg"
"portfolio/file-convertis/quelques-affiches/p4-04-07-25","https://res.cloudinary.com/yvskaorq/image/upload/v1784637000/portfolio/file-convertis/quelques-affiches/p4-04-07-25.jpg"
"portfolio/file-convertis/quelques-affiches/processe-affiche-3d-a-image/capture-decran-2026-02-24-a-15-53-55","https://res.cloudinary.com/yvskaorq/image/upload/v1784637000/portfolio/file-convertis/quelques-affiches/processe-affiche-3d-a-image/capture-decran-2026-02-24-a-15-53-55.jpg"
"portfolio/file-convertis/quelques-affiches/processe-affiche-3d-a-image/capture-decran-2026-02-24-a-15-54-33","https://res.cloudinary.com/yvskaorq/image/upload/v1784637001/portfolio/file-convertis/quelques-affiches/processe-affiche-3d-a-image/capture-decran-2026-02-24-a-15-54-33.jpg"
"portfolio/file-convertis/quelques-affiches/processe-affiche-3d-a-image/pack-de-planet","https://res.cloudinary.com/yvskaorq/image/upload/v1784637001/portfolio/file-convertis/quelques-affiches/processe-affiche-3d-a-image/pack-de-planet.jpg"
"portfolio/file-convertis/quelques-affiches/processe-affiche-3d-a-image/recto-flyers-event-copie","https://res.cloudinary.com/yvskaorq/image/upload/v1784637003/portfolio/file-convertis/quelques-affiches/processe-affiche-3d-a-image/recto-flyers-event-copie.jpg"
"portfolio/file-convertis/quelques-affiches/processe-affiche-3d-a-image/verso-copie","https://res.cloudinary.com/yvskaorq/image/upload/v1784637003/portfolio/file-convertis/quelques-affiches/processe-affiche-3d-a-image/verso-copie.jpg"
"portfolio/file-convertis/quelques-affiches/recto-flyers-event-copie","https://res.cloudinary.com/yvskaorq/image/upload/v1784637003/portfolio/file-convertis/quelques-affiches/recto-flyers-event-copie.jpg"
"portfolio/file-convertis/realisation/can-ivoir/024a69a3-4c9f-4849-b56a-4f08af193d36","https://res.cloudinary.com/yvskaorq/image/upload/v1784637003/portfolio/file-convertis/realisation/can-ivoir/024a69a3-4c9f-4849-b56a-4f08af193d36.jpg"
"portfolio/file-convertis/realisation/can-ivoir/38756ddd-745e-4445-882f-62baf0538ad8","https://res.cloudinary.com/yvskaorq/image/upload/v1784637005/portfolio/file-convertis/realisation/can-ivoir/38756ddd-745e-4445-882f-62baf0538ad8.jpg"
"portfolio/file-convertis/realisation/can-ivoir/58ad2952-a94c-4418-8bd2-f64cdd5dc039","https://res.cloudinary.com/yvskaorq/image/upload/v1784637005/portfolio/file-convertis/realisation/can-ivoir/58ad2952-a94c-4418-8bd2-f64cdd5dc039.jpg"
"portfolio/file-convertis/realisation/can-ivoir/abc3c144-f4d8-4047-ae67-4bd7cf38a521","https://res.cloudinary.com/yvskaorq/image/upload/v1784637005/portfolio/file-convertis/realisation/can-ivoir/abc3c144-f4d8-4047-ae67-4bd7cf38a521.jpg"
"portfolio/file-convertis/realisation/can-ivoir/beabfdbb-9a09-498b-b165-8eecb1d5ac87","https://res.cloudinary.com/yvskaorq/image/upload/v1784637005/portfolio/file-convertis/realisation/can-ivoir/beabfdbb-9a09-498b-b165-8eecb1d5ac87.jpg"
"portfolio/file-convertis/realisation/can-ivoir/d5d681fd-8609-4ea1-a150-d9f2e6153e74","https://res.cloudinary.com/yvskaorq/image/upload/v1784637007/portfolio/file-convertis/realisation/can-ivoir/d5d681fd-8609-4ea1-a150-d9f2e6153e74.jpg"
"portfolio/file-convertis/realisation/can-ivoir/img-7034","https://res.cloudinary.com/yvskaorq/image/upload/v1784637007/portfolio/file-convertis/realisation/can-ivoir/img-7034.jpg"
"portfolio/file-convertis/realisation/can-ivoir/img-7036","https://res.cloudinary.com/yvskaorq/image/upload/v1784637007/portfolio/file-convertis/realisation/can-ivoir/img-7036.jpg"
"portfolio/file-convertis/realisation/can-ivoir/img-7505","https://res.cloudinary.com/yvskaorq/image/upload/v1784637008/portfolio/file-convertis/realisation/can-ivoir/img-7505.jpg"
"portfolio/file-convertis/realisation/can-ivoir/photo-2025-01-21-20-51-17","https://res.cloudinary.com/yvskaorq/image/upload/v1784637009/portfolio/file-convertis/realisation/can-ivoir/photo-2025-01-21-20-51-17.jpg"
"portfolio/file-convertis/realisation/cofix-ems/extern/01","https://res.cloudinary.com/yvskaorq/image/upload/v1784637010/portfolio/file-convertis/realisation/cofix-ems/extern/01.jpg"
"portfolio/file-convertis/realisation/cofix-ems/extern/img-1909","https://res.cloudinary.com/yvskaorq/image/upload/v1784637010/portfolio/file-convertis/realisation/cofix-ems/extern/img-1909.jpg"
"portfolio/file-convertis/realisation/cofix-ems/extern/img-5935","https://res.cloudinary.com/yvskaorq/image/upload/v1784637010/portfolio/file-convertis/realisation/cofix-ems/extern/img-5935.jpg"
"portfolio/file-convertis/realisation/cofix-ems/extern/photo-2025-01-21-20-53-58","https://res.cloudinary.com/yvskaorq/image/upload/v1784637011/portfolio/file-convertis/realisation/cofix-ems/extern/photo-2025-01-21-20-53-58.jpg"
"portfolio/file-convertis/realisation/cofix-ems/extern/projet-finis","https://res.cloudinary.com/yvskaorq/image/upload/v1784637013/portfolio/file-convertis/realisation/cofix-ems/extern/projet-finis.jpg"
"portfolio/file-convertis/realisation/cofix-ems/extern/whatsapp-image-2025-08-05-at-15-42-49","https://res.cloudinary.com/yvskaorq/image/upload/v1784637012/portfolio/file-convertis/realisation/cofix-ems/extern/whatsapp-image-2025-08-05-at-15-42-49.jpg"
"portfolio/file-convertis/realisation/cofix-ems/intern/3d/1aa8f0a4-7871-4ee3-a9d8-9b5b392e77d4","https://res.cloudinary.com/yvskaorq/image/upload/v1784637013/portfolio/file-convertis/realisation/cofix-ems/intern/3d/1aa8f0a4-7871-4ee3-a9d8-9b5b392e77d4.jpg"
"portfolio/file-convertis/realisation/cofix-ems/intern/3d/img-5714","https://res.cloudinary.com/yvskaorq/image/upload/v1784637013/portfolio/file-convertis/realisation/cofix-ems/intern/3d/img-5714.jpg"
"portfolio/file-convertis/realisation/cofix-ems/intern/3d/img-5715","https://res.cloudinary.com/yvskaorq/image/upload/v1784637014/portfolio/file-convertis/realisation/cofix-ems/intern/3d/img-5715.jpg"
"portfolio/file-convertis/realisation/cofix-ems/intern/3d/img-5716","https://res.cloudinary.com/yvskaorq/image/upload/v1784637014/portfolio/file-convertis/realisation/cofix-ems/intern/3d/img-5716.jpg"
"portfolio/file-convertis/realisation/cofix-ems/intern/3d/img-5717","https://res.cloudinary.com/yvskaorq/image/upload/v1784637015/portfolio/file-convertis/realisation/cofix-ems/intern/3d/img-5717.jpg"
"portfolio/file-convertis/realisation/cofix-ems/intern/3d/img-5718","https://res.cloudinary.com/yvskaorq/image/upload/v1784637015/portfolio/file-convertis/realisation/cofix-ems/intern/3d/img-5718.jpg"
"portfolio/file-convertis/realisation/cofix-ems/intern/3d/img-5719","https://res.cloudinary.com/yvskaorq/image/upload/v1784637016/portfolio/file-convertis/realisation/cofix-ems/intern/3d/img-5719.jpg"
"portfolio/file-convertis/realisation/cofix-ems/intern/3d/img-5720","https://res.cloudinary.com/yvskaorq/image/upload/v1784637017/portfolio/file-convertis/realisation/cofix-ems/intern/3d/img-5720.jpg"
"portfolio/file-convertis/realisation/cofix-ems/intern/3d/table","https://res.cloudinary.com/yvskaorq/image/upload/v1784637019/portfolio/file-convertis/realisation/cofix-ems/intern/3d/table.jpg"
"portfolio/file-convertis/realisation/cofix-ems/intern/3d/table-2","https://res.cloudinary.com/yvskaorq/image/upload/v1784637017/portfolio/file-convertis/realisation/cofix-ems/intern/3d/table-2.jpg"
"portfolio/file-convertis/realisation/cofix-ems/intern/3d/table-3","https://res.cloudinary.com/yvskaorq/image/upload/v1784637017/portfolio/file-convertis/realisation/cofix-ems/intern/3d/table-3.jpg"
"portfolio/file-convertis/realisation/cofix-ems/intern/3d/table-5","https://res.cloudinary.com/yvskaorq/image/upload/v1784637017/portfolio/file-convertis/realisation/cofix-ems/intern/3d/table-5.jpg"
"portfolio/file-convertis/realisation/cofix-ems/intern/3d/table-6","https://res.cloudinary.com/yvskaorq/image/upload/v1784637018/portfolio/file-convertis/realisation/cofix-ems/intern/3d/table-6.jpg"
"portfolio/file-convertis/realisation/cofix-ems/intern/3d/table-7","https://res.cloudinary.com/yvskaorq/image/upload/v1784637018/portfolio/file-convertis/realisation/cofix-ems/intern/3d/table-7.jpg"
"portfolio/file-convertis/realisation/cofix-ems/intern/t1","https://res.cloudinary.com/yvskaorq/image/upload/v1784637019/portfolio/file-convertis/realisation/cofix-ems/intern/t1.jpg"
"portfolio/file-convertis/realisation/cofix-ems/intern/t10","https://res.cloudinary.com/yvskaorq/image/upload/v1784637020/portfolio/file-convertis/realisation/cofix-ems/intern/t10.jpg"
"portfolio/file-convertis/realisation/cofix-ems/intern/t11","https://res.cloudinary.com/yvskaorq/image/upload/v1784637020/portfolio/file-convertis/realisation/cofix-ems/intern/t11.jpg"
"portfolio/file-convertis/realisation/cofix-ems/intern/t12","https://res.cloudinary.com/yvskaorq/image/upload/v1784637021/portfolio/file-convertis/realisation/cofix-ems/intern/t12.jpg"
"portfolio/file-convertis/realisation/cofix-ems/intern/t2","https://res.cloudinary.com/yvskaorq/image/upload/v1784637021/portfolio/file-convertis/realisation/cofix-ems/intern/t2.jpg"
"portfolio/file-convertis/realisation/cofix-ems/intern/t3","https://res.cloudinary.com/yvskaorq/image/upload/v1784637022/portfolio/file-convertis/realisation/cofix-ems/intern/t3.jpg"
"portfolio/file-convertis/realisation/cofix-ems/intern/t4","https://res.cloudinary.com/yvskaorq/image/upload/v1784637023/portfolio/file-convertis/realisation/cofix-ems/intern/t4.jpg"
"portfolio/file-convertis/realisation/cofix-ems/intern/t5","https://res.cloudinary.com/yvskaorq/image/upload/v1784637023/portfolio/file-convertis/realisation/cofix-ems/intern/t5.jpg"
"portfolio/file-convertis/realisation/cofix-ems/intern/t6","https://res.cloudinary.com/yvskaorq/image/upload/v1784637024/portfolio/file-convertis/realisation/cofix-ems/intern/t6.jpg"
"portfolio/file-convertis/realisation/cofix-ems/intern/t7","https://res.cloudinary.com/yvskaorq/image/upload/v1784637024/portfolio/file-convertis/realisation/cofix-ems/intern/t7.jpg"
"portfolio/file-convertis/realisation/cofix-ems/intern/t8","https://res.cloudinary.com/yvskaorq/image/upload/v1784637025/portfolio/file-convertis/realisation/cofix-ems/intern/t8.jpg"
"portfolio/file-convertis/realisation/cofix-ems/intern/t9","https://res.cloudinary.com/yvskaorq/image/upload/v1784637026/portfolio/file-convertis/realisation/cofix-ems/intern/t9.jpg"
"portfolio/file-convertis/realisation/foire-de-fin-d-annee/assinie/01","https://res.cloudinary.com/yvskaorq/image/upload/v1784637026/portfolio/file-convertis/realisation/foire-de-fin-d-annee/assinie/01.jpg"
"portfolio/file-convertis/realisation/foire-de-fin-d-annee/assinie/02","https://res.cloudinary.com/yvskaorq/image/upload/v1784637026/portfolio/file-convertis/realisation/foire-de-fin-d-annee/assinie/02.jpg"
"portfolio/file-convertis/realisation/foire-de-fin-d-annee/assinie/03","https://res.cloudinary.com/yvskaorq/image/upload/v1784637027/portfolio/file-convertis/realisation/foire-de-fin-d-annee/assinie/03.jpg"
"portfolio/file-convertis/realisation/foire-de-fin-d-annee/assinie/04","https://res.cloudinary.com/yvskaorq/image/upload/v1784637028/portfolio/file-convertis/realisation/foire-de-fin-d-annee/assinie/04.jpg"
"portfolio/file-convertis/realisation/foire-de-fin-d-annee/assinie/05","https://res.cloudinary.com/yvskaorq/image/upload/v1784637028/portfolio/file-convertis/realisation/foire-de-fin-d-annee/assinie/05.jpg"
"portfolio/file-convertis/realisation/foire-de-fin-d-annee/assinie/06","https://res.cloudinary.com/yvskaorq/image/upload/v1784637028/portfolio/file-convertis/realisation/foire-de-fin-d-annee/assinie/06.jpg"
"portfolio/file-convertis/realisation/foire-de-fin-d-annee/assinie/07","https://res.cloudinary.com/yvskaorq/image/upload/v1784637029/portfolio/file-convertis/realisation/foire-de-fin-d-annee/assinie/07.jpg"
"portfolio/file-convertis/realisation/foire-de-fin-d-annee/assinie/08","https://res.cloudinary.com/yvskaorq/image/upload/v1784637030/portfolio/file-convertis/realisation/foire-de-fin-d-annee/assinie/08.jpg"
"portfolio/file-convertis/realisation/foire-de-fin-d-annee/assinie/09","https://res.cloudinary.com/yvskaorq/image/upload/v1784637030/portfolio/file-convertis/realisation/foire-de-fin-d-annee/assinie/09.jpg"
"portfolio/file-convertis/realisation/foire-de-fin-d-annee/assinie/10","https://res.cloudinary.com/yvskaorq/image/upload/v1784637030/portfolio/file-convertis/realisation/foire-de-fin-d-annee/assinie/10.jpg"
"portfolio/file-convertis/realisation/foire-de-fin-d-annee/marque-les-marques-nbb/0001","https://res.cloudinary.com/yvskaorq/image/upload/v1784637031/portfolio/file-convertis/realisation/foire-de-fin-d-annee/marque-les-marques-nbb/0001.jpg"
"portfolio/file-convertis/realisation/foire-de-fin-d-annee/marque-les-marques-nbb/01","https://res.cloudinary.com/yvskaorq/image/upload/v1784637033/portfolio/file-convertis/realisation/foire-de-fin-d-annee/marque-les-marques-nbb/01.jpg"
"portfolio/file-convertis/realisation/foire-de-fin-d-annee/marque-les-marques-nbb/02","https://res.cloudinary.com/yvskaorq/image/upload/v1784637034/portfolio/file-convertis/realisation/foire-de-fin-d-annee/marque-les-marques-nbb/02.jpg"
"portfolio/file-convertis/realisation/foire-de-fin-d-annee/marque-les-marques-nbb/03","https://res.cloudinary.com/yvskaorq/image/upload/v1784637033/portfolio/file-convertis/realisation/foire-de-fin-d-annee/marque-les-marques-nbb/03.jpg"
"portfolio/file-convertis/realisation/foire-de-fin-d-annee/marque-les-marques-nbb/04","https://res.cloudinary.com/yvskaorq/image/upload/v1784637034/portfolio/file-convertis/realisation/foire-de-fin-d-annee/marque-les-marques-nbb/04.jpg"
"portfolio/file-convertis/realisation/foire-de-fin-d-annee/marque-les-marques-nbb/05-copie","https://res.cloudinary.com/yvskaorq/image/upload/v1784637036/portfolio/file-convertis/realisation/foire-de-fin-d-annee/marque-les-marques-nbb/05-copie.jpg"
"portfolio/file-convertis/realisation/foire-de-fin-d-annee/marque-les-marques-nbb/06","https://res.cloudinary.com/yvskaorq/image/upload/v1784637039/portfolio/file-convertis/realisation/foire-de-fin-d-annee/marque-les-marques-nbb/06.jpg"
"portfolio/file-convertis/realisation/foire-de-fin-d-annee/marque-les-marques-nbb/07","https://res.cloudinary.com/yvskaorq/image/upload/v1784637037/portfolio/file-convertis/realisation/foire-de-fin-d-annee/marque-les-marques-nbb/07.jpg"
"portfolio/file-convertis/realisation/foire-de-fin-d-annee/marque-les-marques-nbb/08","https://res.cloudinary.com/yvskaorq/image/upload/v1784637036/portfolio/file-convertis/realisation/foire-de-fin-d-annee/marque-les-marques-nbb/08.jpg"
"portfolio/file-convertis/realisation/foire-de-fin-d-annee/marque-les-marques-nbb/09","https://res.cloudinary.com/yvskaorq/image/upload/v1784637038/portfolio/file-convertis/realisation/foire-de-fin-d-annee/marque-les-marques-nbb/09.jpg"
"portfolio/file-convertis/realisation/foire-de-fin-d-annee/marque-les-marques-nbb/10","https://res.cloudinary.com/yvskaorq/image/upload/v1784637038/portfolio/file-convertis/realisation/foire-de-fin-d-annee/marque-les-marques-nbb/10.jpg"
"portfolio/file-convertis/realisation/foire-de-fin-d-annee/marque-les-marques-nbb/11","https://res.cloudinary.com/yvskaorq/image/upload/v1784637039/portfolio/file-convertis/realisation/foire-de-fin-d-annee/marque-les-marques-nbb/11.jpg"
"portfolio/file-convertis/realisation/foire-de-fin-d-annee/marque-les-marques-nbb/12","https://res.cloudinary.com/yvskaorq/image/upload/v1784637040/portfolio/file-convertis/realisation/foire-de-fin-d-annee/marque-les-marques-nbb/12.jpg"
"portfolio/file-convertis/realisation/foire-de-fin-d-annee/marque-les-marques-nbb/13","https://res.cloudinary.com/yvskaorq/image/upload/v1784637040/portfolio/file-convertis/realisation/foire-de-fin-d-annee/marque-les-marques-nbb/13.jpg"
"portfolio/file-convertis/realisation/foire-de-fin-d-annee/marque-les-marques-nbb/photo-2025-01-21-20-54-23","https://res.cloudinary.com/yvskaorq/image/upload/v1784637041/portfolio/file-convertis/realisation/foire-de-fin-d-annee/marque-les-marques-nbb/photo-2025-01-21-20-54-23.jpg"
"portfolio/file-convertis/realisation/foire-de-fin-d-annee/marque-planet/02","https://res.cloudinary.com/yvskaorq/image/upload/v1784637042/portfolio/file-convertis/realisation/foire-de-fin-d-annee/marque-planet/02.jpg"
"portfolio/file-convertis/realisation/foire-de-fin-d-annee/marque-planet/02-1","https://res.cloudinary.com/yvskaorq/image/upload/v1784637041/portfolio/file-convertis/realisation/foire-de-fin-d-annee/marque-planet/02-1.jpg"
"portfolio/file-convertis/realisation/foire-de-fin-d-annee/marque-planet/03","https://res.cloudinary.com/yvskaorq/image/upload/v1784637043/portfolio/file-convertis/realisation/foire-de-fin-d-annee/marque-planet/03.jpg"
"portfolio/file-convertis/realisation/foire-de-fin-d-annee/marque-planet/04","https://res.cloudinary.com/yvskaorq/image/upload/v1784637043/portfolio/file-convertis/realisation/foire-de-fin-d-annee/marque-planet/04.jpg"
"portfolio/file-convertis/realisation/foire-de-fin-d-annee/marque-planet/05","https://res.cloudinary.com/yvskaorq/image/upload/v1784637045/portfolio/file-convertis/realisation/foire-de-fin-d-annee/marque-planet/05.jpg"
"portfolio/file-convertis/realisation/foire-de-fin-d-annee/marque-planet/05-1","https://res.cloudinary.com/yvskaorq/image/upload/v1784637043/portfolio/file-convertis/realisation/foire-de-fin-d-annee/marque-planet/05-1.jpg"
"portfolio/file-convertis/realisation/foire-de-fin-d-annee/marque-planet/06","https://res.cloudinary.com/yvskaorq/image/upload/v1784637046/portfolio/file-convertis/realisation/foire-de-fin-d-annee/marque-planet/06.jpg"
"portfolio/file-convertis/realisation/foire-de-fin-d-annee/marque-planet/07","https://res.cloudinary.com/yvskaorq/image/upload/v1784637046/portfolio/file-convertis/realisation/foire-de-fin-d-annee/marque-planet/07.jpg"
"portfolio/file-convertis/realisation/foire-de-fin-d-annee/the-andalousie/00","https://res.cloudinary.com/yvskaorq/image/upload/v1784637045/portfolio/file-convertis/realisation/foire-de-fin-d-annee/the-andalousie/00.jpg"
"portfolio/file-convertis/realisation/foire-de-fin-d-annee/the-andalousie/01","https://res.cloudinary.com/yvskaorq/image/upload/v1784637047/portfolio/file-convertis/realisation/foire-de-fin-d-annee/the-andalousie/01.jpg"
"portfolio/file-convertis/realisation/foire-de-fin-d-annee/the-andalousie/02","https://res.cloudinary.com/yvskaorq/image/upload/v1784637048/portfolio/file-convertis/realisation/foire-de-fin-d-annee/the-andalousie/02.jpg"
"portfolio/file-convertis/realisation/foire-de-fin-d-annee/the-andalousie/03","https://res.cloudinary.com/yvskaorq/image/upload/v1784637048/portfolio/file-convertis/realisation/foire-de-fin-d-annee/the-andalousie/03.jpg"
"portfolio/file-convertis/realisation/foire-de-fin-d-annee/the-andalousie/3d","https://res.cloudinary.com/yvskaorq/image/upload/v1784637048/portfolio/file-convertis/realisation/foire-de-fin-d-annee/the-andalousie/3d.jpg"
"portfolio/file-convertis/realisation/foire-de-fin-d-annee/the-andalousie/avant","https://res.cloudinary.com/yvskaorq/image/upload/v1784637049/portfolio/file-convertis/realisation/foire-de-fin-d-annee/the-andalousie/avant.jpg"
"portfolio/file-convertis/realisation/istanbul-shop/01","https://res.cloudinary.com/yvskaorq/image/upload/v1784637049/portfolio/file-convertis/realisation/istanbul-shop/01.jpg"
"portfolio/file-convertis/realisation/istanbul-shop/02-jpeg","https://res.cloudinary.com/yvskaorq/image/upload/v1784637050/portfolio/file-convertis/realisation/istanbul-shop/02-jpeg.jpg"
"portfolio/file-convertis/realisation/istanbul-shop/02-jpg","https://res.cloudinary.com/yvskaorq/image/upload/v1784637050/portfolio/file-convertis/realisation/istanbul-shop/02-jpg.jpg"
"portfolio/file-convertis/realisation/istanbul-shop/03","https://res.cloudinary.com/yvskaorq/image/upload/v1784637051/portfolio/file-convertis/realisation/istanbul-shop/03.jpg"
"portfolio/file-convertis/realisation/istanbul-shop/whatsapp-image-2025-06-13-at-11-53-32","https://res.cloudinary.com/yvskaorq/image/upload/v1784637051/portfolio/file-convertis/realisation/istanbul-shop/whatsapp-image-2025-06-13-at-11-53-32.jpg"
"portfolio/file-convertis/realisation/ladji-totem/photo-2023-02-04-01-41-42","https://res.cloudinary.com/yvskaorq/image/upload/v1784637052/portfolio/file-convertis/realisation/ladji-totem/photo-2023-02-04-01-41-42.jpg"
"portfolio/file-convertis/realisation/ladji-totem/photo-2023-02-04-10-09-52","https://res.cloudinary.com/yvskaorq/image/upload/v1784637051/portfolio/file-convertis/realisation/ladji-totem/photo-2023-02-04-10-09-52.jpg"
"portfolio/file-convertis/realisation/ladji-totem/photo-2023-02-13-19-11-43","https://res.cloudinary.com/yvskaorq/image/upload/v1784637052/portfolio/file-convertis/realisation/ladji-totem/photo-2023-02-13-19-11-43.jpg"
"portfolio/file-convertis/realisation/ladji-totem/photo-2023-02-25-15-12-06","https://res.cloudinary.com/yvskaorq/image/upload/v1784637053/portfolio/file-convertis/realisation/ladji-totem/photo-2023-02-25-15-12-06.jpg"
"portfolio/file-convertis/realisation/ladji-totem/whatsapp-image-2025-08-05-at-15-43-03","https://res.cloudinary.com/yvskaorq/image/upload/v1784637053/portfolio/file-convertis/realisation/ladji-totem/whatsapp-image-2025-08-05-at-15-43-03.jpg"
"portfolio/file-convertis/realisation/mix-projet/esay-travel/photo-2023-06-13-20-40-35","https://res.cloudinary.com/yvskaorq/image/upload/v1784637054/portfolio/file-convertis/realisation/mix-projet/esay-travel/photo-2023-06-13-20-40-35.jpg"
"portfolio/file-convertis/realisation/mix-projet/esay-travel/photo-2023-06-13-20-40-35-2","https://res.cloudinary.com/yvskaorq/image/upload/v1784637053/portfolio/file-convertis/realisation/mix-projet/esay-travel/photo-2023-06-13-20-40-35-2.jpg"
"portfolio/file-convertis/realisation/mix-projet/esay-travel/photo-2023-06-14-14-28-41","https://res.cloudinary.com/yvskaorq/image/upload/v1784637054/portfolio/file-convertis/realisation/mix-projet/esay-travel/photo-2023-06-14-14-28-41.jpg"
"portfolio/file-convertis/realisation/mix-projet/esay-travel/photo-2023-06-22-21-39-15","https://res.cloudinary.com/yvskaorq/image/upload/v1784637055/portfolio/file-convertis/realisation/mix-projet/esay-travel/photo-2023-06-22-21-39-15.jpg"
"portfolio/file-convertis/realisation/mix-projet/whatsapp-image-2025-06-13-at-11-53-10","https://res.cloudinary.com/yvskaorq/image/upload/v1784637055/portfolio/file-convertis/realisation/mix-projet/whatsapp-image-2025-06-13-at-11-53-10.jpg"
"portfolio/file-convertis/realisation/mix-projet/whatsapp-image-2025-06-13-at-11-53-32","https://res.cloudinary.com/yvskaorq/image/upload/v1784637056/portfolio/file-convertis/realisation/mix-projet/whatsapp-image-2025-06-13-at-11-53-32.jpg"
"portfolio/file-convertis/realisation/mix-projet/whatsapp-image-2025-06-13-at-11-53-33","https://res.cloudinary.com/yvskaorq/image/upload/v1784637056/portfolio/file-convertis/realisation/mix-projet/whatsapp-image-2025-06-13-at-11-53-33.jpg"
"portfolio/file-convertis/realisation/mix-projet/whatsapp-image-2025-08-05-at-15-42-54","https://res.cloudinary.com/yvskaorq/image/upload/v1784637057/portfolio/file-convertis/realisation/mix-projet/whatsapp-image-2025-08-05-at-15-42-54.jpg"
"portfolio/file-convertis/realisation/mix-projet/whatsapp-image-2025-08-05-at-15-42-58","https://res.cloudinary.com/yvskaorq/image/upload/v1784637058/portfolio/file-convertis/realisation/mix-projet/whatsapp-image-2025-08-05-at-15-42-58.jpg"
"portfolio/file-convertis/realisation/mix-projet/whatsapp-image-2025-08-05-at-15-42-58-copie","https://res.cloudinary.com/yvskaorq/image/upload/v1784637057/portfolio/file-convertis/realisation/mix-projet/whatsapp-image-2025-08-05-at-15-42-58-copie.jpg"
"portfolio/file-convertis/realisation/mix-projet/whatsapp-image-2025-08-05-at-15-42-59","https://res.cloudinary.com/yvskaorq/image/upload/v1784637058/portfolio/file-convertis/realisation/mix-projet/whatsapp-image-2025-08-05-at-15-42-59.jpg"
